{
    "stopped_at_goal": true,
    "no_collision": false,
    "flight_time": 10.24,
    "flight_distance": 26.03,
    "planning_time": 7.83,
    "collision_point": [8.11275615814392, 3.7501798455458344, 1.3795683360175237],
    "sim_exit": "Success: End reached."
}